Name,Date Time,profile,company,Location,Start Date,Stipend,Duration,Apply by Date,Offer,Skills and Perks
INTERNATIONAL,2021-02-22 16:08:53,Software Project Management,IIT Bombay,Work From Home,Immediately, 1000-2000 /month,6 Months,4 Mar' 21,Internship,"['English Proficiency (Spoken)', 'English Proficiency (Written)', 'Hindi Proficiency (Spoken)', 'Hindi Proficiency (Written)', 'Certificate', ' Letter of recommendation', ' Flexible work hours', ' 5 days a week']"
INTERNATIONAL,2021-02-22 16:08:53,Proofreading (Sanskrit),IIT Bombay,Work From Home,Immediately, 1000 /month +  Incentives,6 Months,24 Feb' 21,Internship,"['HTML', 'CSS', 'LaTeX', 'Hindi Proficiency (Spoken)', 'Hindi Proficiency(Written)', 'Certificate', ' Letter of recommendation', ' Flexible work hours', ' 5 days a week']"
INTERNATIONAL,2021-02-22 16:08:54,Text Correction (Sanskrit),IIT Bombay,Work From Home,Immediately, 1000 /month +  Incentives,6 Months,28 Feb' 21,Internship,"['Hindi Proficiency (Spoken)', 'Hindi Proficiency (Written)', 'Certificate', ' Letter of recommendation', ' Flexible work hours', ' 5 days a week']"
INTERNATIONAL,2021-02-22 16:08:54,Human Resources (HR),GRIP At The Sparks Foundation,Work From Home,Immediately,Unpaid,1 Month,8 Mar' 21,Internship,"['Recruitment', 'Creative Writing', 'English Proficiency (Spoken)', 'English Proficiency (Written)', 'Certificate', ' Letter of recommendation', ' Flexible work hours', ' 5 days a week']"
INTERNATIONAL,2021-02-22 16:08:56,Mobile App Development,AIMAKERY™ LONDON (UK),Work From Home,Immediately, 5000-10000 /month,3 Months,8 Mar' 21,Internship,"['Python', 'R Programming', 'iOS', 'Android', 'Blockchain', 'Certificate', ' Letter of recommendation', ' Flexible work hours', ' 5 days a week']"
INTERNATIONAL,2021-02-22 16:08:56,Graphic Design,AIMAKERY™ LONDON (UK),Work From Home,Immediately, 4000-8000 /month,3 Months,8 Mar' 21,Internship,"['WordPress', 'Search Engine Optimization (SEO)', 'Adobe XD', 'Certificate', ' Letter of recommendation', ' Flexible work hours', ' 5 days a week']"
INTERNATIONAL,2021-02-22 16:08:57,ReactJS Development,Pikkal & Company,Work From Home,Immediately, 10000 /month,3 Months,8 Mar' 21,Internship,"['HTML', 'CSS', 'JavaScript', 'Python', 'Django', 'Node.js', 'User Interface (UI) Development', 'UI & UX Design', 'ReactJS', 'Materialize', 'Letter of recommendation', ' 5 days a week']"
INTERNATIONAL,2021-02-22 16:08:58,Telecalling,Solve Foundation,Work From Home,Immediately,Unpaid,3 Months,8 Mar' 21,Internship,"['Certificate', ' Flexible work hours']"
INTERNATIONAL,2021-02-22 16:08:59,Content Writing,How I Got My Job,Work From Home,Immediately, 7000-14000 /month,1 Month,8 Mar' 21,Internship,"['Blogging', 'Creative Writing', 'English Proficiency (Written)', 'American English']"
INTERNATIONAL,2021-02-22 16:08:59,Application Tutoring,Solve Foundation,Work From Home,Immediately,Unpaid,2 Months,8 Mar' 21,Internship,"['English Proficiency (Spoken)', 'Hindi Proficiency (Spoken)', 'Certificate', ' Flexible work hours']"
INTERNATIONAL,2021-02-22 16:09:00,Social Media Marketing,Solve Foundation,Work From Home,Immediately,Unpaid,3 Months,8 Mar' 21,Internship,"['Certificate', ' Flexible work hours']"
INTERNATIONAL,2021-02-22 16:09:00,Graphic Design,Rajat Shree Foundation,Work From Home,Immediately, 16000 /month,1 Month,8 Mar' 21,Internship,"['MS-Word', 'Painting', 'Certificate', ' Letter of recommendation', ' Flexible work hours', ' 5 days a week']"
INTERNATIONAL,2021-02-22 16:09:01,Graphic Design,RunAddiction,Work From Home,Immediately, 6000 /month,3 Months,8 Mar' 21,Internship,"['Adobe Photoshop', 'Adobe Illustrator', 'Certificate', ' Letter of recommendation', ' Flexible work hours', ' 5 days a week']"
INTERNATIONAL,2021-02-22 16:09:02,Digital Marketing,MBA Glue,Work From Home,Immediately, 12000 /month,1 Month,8 Mar' 21,Internship,"['Video Making', 'Certificate', ' Flexible work hours', ' 5 days a week']"
INTERNATIONAL,2021-02-22 16:09:02,Content Writing,Market Forever Limited,Work From Home,Immediately, 1000 /month,3 Months,8 Mar' 21,Internship,"['Creative Writing', 'English Proficiency (Spoken)', 'English Proficiency (Written)', 'British English', 'Certificate']"
INTERNATIONAL,2021-02-22 16:09:03,Business Development (Sales),Stewards,Work From Home,Immediately, 7000-10000 /month,3 Months,7 Mar' 21,Internship,"['Digital Marketing', 'Salesforce', 'English Proficiency (Spoken)', 'English Proficiency (Written)', 'Letter of recommendation', ' Flexible work hours', ' 5 days a week']"
INTERNATIONAL,2021-02-22 16:09:04,Human Resources (HR),Tutor Here,Work From Home,Immediately,Unpaid,3 Months,7 Mar' 21,Internship,"['English Proficiency (Spoken)', 'English Proficiency (Written)', 'Letter of recommendation', ' Flexible work hours']"
INTERNATIONAL,2021-02-22 16:09:04,Search Engine Optimization (SEO),Boyd Private Limited,Work From Home,Immediately, 2000 /month,2 Months,7 Mar' 21,Internship,"['Google Analytics', 'Search Engine Marketing (SEM)', 'Search Engine Optimization (SEO)', 'Certificate', ' Letter of recommendation', ' Flexible work hours', ' 5 days a week']"
INTERNATIONAL,2021-02-22 16:09:05,Digital Marketing,Kozzby Marketing,Work From Home,Immediately, 7000 /month,3 Months,7 Mar' 21,Internship,"['Digital Marketing', 'Facebook Marketing', 'Instagram Marketing', 'Certificate', ' Letter of recommendation', ' Flexible work hours']"
INTERNATIONAL,2021-02-22 16:09:06,Content Writing,Unique World Education,Work From Home,Immediately, 5000 /month,6 Months,6 Mar' 21,Internship,"['Certificate', ' Letter of recommendation', ' Flexible work hours']"
INTERNATIONAL,2021-02-22 16:09:06,Human Resources (HR),Artify,Work From Home,Immediately, 1000 /month,4 Months,6 Mar' 21,Internship,"['English Proficiency (Spoken)', 'Certificate', ' Letter of recommendation']"
INTERNATIONAL,2021-02-22 16:09:07,Mobile App Development,1MoreThing,Work From Home,Immediately, 10000 /month,3 Months,6 Mar' 21,Internship,"['Certificate', ' Letter of recommendation', ' Flexible work hours', ' 5 days a week']"
INTERNATIONAL,2021-02-22 16:09:07,Content Writing,Kidadl,Work From Home,Immediately, 15000-18000 /month,3 Months,6 Mar' 21,Internship,[]
INTERNATIONAL,2021-02-22 16:09:08,Social Media Marketing,Market Forever Limited,Work From Home,Immediately, 1000 /month,3 Months,6 Mar' 21,Internship,"['Social Media Marketing', 'Certificate']"
INTERNATIONAL,2021-02-22 16:09:09,Operations,Solve Foundation,Work From Home,Immediately,Unpaid,3 Months,5 Mar' 21,Internship,"['Certificate', ' Flexible work hours']"
INTERNATIONAL,2021-02-22 16:09:09,Digital Marketing,Water Town Swim School,Work From Home,Immediately, 15000 /month,1 Month,5 Mar' 21,Internship,"['Certificate', ' Letter of recommendation', ' Flexible work hours', ' 5 days a week']"
INTERNATIONAL,2021-02-22 16:09:10,Web Development,Anaya Cybertech Pllc,Work From Home,Immediately, 5000 /month,2 Months,5 Mar' 21,Internship,"['Java', 'MySQL', 'JavaScript', 'Python', 'WordPress', 'Vue Js', 'Certificate', ' Flexible work hours', ' 5 days a week']"
INTERNATIONAL,2021-02-22 16:09:11,Content Writing,Looxdo,Work From Home,Immediately, 4000-7000 /month,3 Months,5 Mar' 21,Internship,"['Search Engine Optimization (SEO)', 'Creative Writing', 'Report Writing', 'English Proficiency (Written)', 'Certificate', ' Letter of recommendation']"
INTERNATIONAL,2021-02-22 16:09:11,Video Making/Editing,Fleksa,Work From Home,Immediately, 5000 /month,2 Months,5 Mar' 21,Internship,"['Video Editing', 'Video Making', 'Certificate', ' Letter of recommendation', ' Flexible work hours', ' 5 days a week']"
INTERNATIONAL,2021-02-22 16:09:12,Tele Sales,Eqwid Media Technologies Limited,Work From Home,Immediately, 15000 lump sum +  Incentives,3 Months,5 Mar' 21,Internship,"['Certificate', ' Letter of recommendation', ' Flexible work hours', ' 5 days a week']"
INTERNATIONAL,2021-02-22 16:09:13,Social Media Marketing,Looxdo,Work From Home,Immediately, 4000-7000 /month,3 Months,5 Mar' 21,Internship,"['Blogging', 'Google Analytics', 'Search Engine Marketing (SEM)', 'Search Engine Optimization (SEO)', 'Facebook Marketing', 'Certificate', ' Letter of recommendation']"
INTERNATIONAL,2021-02-22 16:09:14,Operations,Solve Foundation,Work From Home,Immediately,Unpaid,3 Months,5 Mar' 21,Internship,"['Certificate', ' Flexible work hours']"
INTERNATIONAL,2021-02-22 16:09:14,Graphic Design,Eurenice Houndjahoue,Work From Home,Immediately, 5500 /month,2 Months,5 Mar' 21,Internship,"['Adobe Photoshop', 'Adobe Illustrator', 'Adobe Creative Suite', 'Adobe Indesign', 'Flexible work hours']"
INTERNATIONAL,2021-02-22 16:09:15,Project Management,Solve Foundation,Work From Home,Immediately,Unpaid,4 Months,5 Mar' 21,Internship,"['Certificate', ' Flexible work hours']"
INTERNATIONAL,2021-02-22 16:09:16,Web Development,Exam-Practice,Work From Home,Immediately, 5000 /month,2 Months,4 Mar' 21,Internship,"['Node.js', 'Docker', 'ReactJS', 'Firebase', 'Certificate', ' Letter of recommendation', ' Flexible work hours']"
INTERNATIONAL,2021-02-22 16:09:16,Marketing,Food Vybe,Work From Home,Immediately, 1000 /month,3 Months,4 Mar' 21,Internship,"['Social Media Marketing', 'Digital Marketing', 'Search Engine Optimization (SEO)', 'Email Marketing', 'Certificate', ' Letter of recommendation', ' Flexible work hours']"
INTERNATIONAL,2021-02-22 16:09:17,Front End Development,Food Vybe,Work From Home,Immediately, 1000 /month,3 Months,4 Mar' 21,Internship,"['Java', 'HTML', 'jQuery', 'Bootstrap', 'ReactJS', 'Sass', 'Certificate', ' Letter of recommendation', ' Flexible work hours']"
INTERNATIONAL,2021-02-22 16:09:18,Business Development (Sales),Eqwid Media Technologies Limited,Work From Home,Immediately, 21000 lump sum +  Incentives,3 Months,4 Mar' 21,Internship,"['Certificate', ' Letter of recommendation', ' Flexible work hours', ' 5 days a week']"
INTERNATIONAL,2021-02-22 16:09:18,Research (Deep Learning) & Algo Trading,Crowd Wisdom Trading,Work From Home,Immediately, 5000 /month,6 Months,4 Mar' 21,Internship,"['Machine Learning', 'C++ Programming', 'Deep Learning', 'Artifical Intelligence', 'Letter of recommendation', ' Flexible work hours']"
INTERNATIONAL,2021-02-22 16:09:19,C++ Development,Crowd Wisdom Trading,Work From Home,Immediately, 5000 /month,3 Months,4 Mar' 21,Internship,"['C++ Programming', 'Letter of recommendation', ' Flexible work hours']"
INTERNATIONAL,2021-02-22 16:09:21,Data Science & Business Analytics,GRIP At The Sparks Foundation,Work From Home,Immediately,Unpaid,1 Month,4 Mar' 21,Internship,"['Python', 'Data Analytics', 'R Programming', 'Data Science', 'Power BI', 'Tableau', 'Certificate', ' Letter of recommendation', ' Flexible work hours', ' 5 days a week']"
INTERNATIONAL,2021-02-22 16:09:21,Journalism,ChalkPlay,Work From Home,Immediately, 7000-14000 /month,2 Months,4 Mar' 21,Internship,"['Creative Writing', 'English Proficiency (Spoken)', 'English Proficiency (Written)', 'Hindi Proficiency (Spoken)', 'Hindi Proficiency (Written)', 'Certificate', ' Letter of recommendation', ' Flexible work hours', ' 5 days a week']"
INTERNATIONAL,2021-02-22 16:09:22,Graphic Design,Social Spil,Work From Home,Immediately, 15000-22000 /month,3 Months,4 Mar' 21,Internship,"['Adobe Photoshop', 'Certificate', ' Letter of recommendation', ' Flexible work hours', ' 5 days a week']"
INTERNATIONAL,2021-02-22 16:09:23,Graphic Design,M Streme,Work From Home,Immediately, 1000 /month,1 Month,4 Mar' 21,Internship,['Certificate']
INTERNATIONAL,2021-02-22 16:09:24,Graphic Design,Gamers Prestige,Work From Home,Immediately, 1000 lump sum,1 Month,4 Mar' 21,Internship,"['Certificate', ' Flexible work hours']"
INTERNATIONAL,2021-02-22 16:09:24,Social Media Marketing,Mbo'Wam,Work From Home,Immediately, 8000 /month +  Incentives,3 Months,4 Mar' 21,Internship,"['Email Marketing', 'Instagram Marketing', '5 days a week']"
INTERNATIONAL,2021-02-22 16:09:25,Media & Public Relations (PR),Green Canvas,Work From Home,Immediately, 3000 /month,1 Month,4 Mar' 21,Internship,"['Letter of recommendation', ' Flexible work hours']"
INTERNATIONAL,2021-02-22 16:09:25,Resource Development (Physics),Contour Education,Work From Home,Immediately, 2000 /month +  Incentives,3 Months,4 Mar' 21,Internship,"['MS-Word', 'Physics', 'Mathematics', 'Creative Writing', 'English Proficiency (Written)', 'Certificate', ' Letter of recommendation', ' Flexible work hours']"
INTERNATIONAL,2021-02-22 16:09:26,Machine Learning Application Development,Tiny Banyan Technologies Private Limited,Work From Home,Immediately, 15000-20000 /month,3 Months,4 Mar' 21,Internship,"['HTML', 'JavaScript', 'Python', 'ReactJS', 'Flask', 'Google Cloud Computing', 'Flexible work hours']"
INTERNATIONAL,2021-02-22 16:09:27,Content Writing,PNK Company,Work From Home,Immediately, 10000 /month,6 Months,4 Mar' 21,Internship,"['Creative Writing', 'English Proficiency (Written)', 'Certificate', ' Letter of recommendation', ' Flexible work hours', ' 5 days a week']"
INTERNATIONAL,2021-02-22 16:09:28,Digital Marketing,Fleksa,Work From Home,Immediately, 5000 /month,3 Months,4 Mar' 21,Internship,"['Google Analytics', 'Search Engine Marketing (SEM)', 'Google AdWords', 'Search Engine Optimization (SEO)', 'Facebook Marketing', 'Certificate', ' Letter of recommendation', ' Flexible work hours', ' 5 days a week']"
INTERNATIONAL,2021-02-22 16:09:28,Graphic Design,WAT Media Private Limited,Work From Home,Immediately, 5000 /month,6 Months,3 Mar' 21,Internship,"['Adobe Photoshop', 'CorelDRAW', 'Adobe Illustrator', 'Certificate', ' 5 days a week']"
INTERNATIONAL,2021-02-22 16:09:29,Digital Marketing,Print Online (UAE),Work From Home,Immediately, 6000 /month,3 Months,3 Mar' 21,Internship,"['Google Analytics', 'Search Engine Marketing (SEM)', 'Google AdWords', 'Search Engine Optimization (SEO)', 'Certificate', ' Letter of recommendation', ' Flexible work hours', ' 5 days a week']"
INTERNATIONAL,2021-02-22 16:09:30,MEAN Stack Development,Edufied,Work From Home,Immediately, 8000-15000 /month,6 Months,3 Mar' 21,Internship,"['MongoDB', 'AngularJS', 'Node.js', 'GitHub', 'Express.js', 'Certificate', ' Flexible work hours', ' 5 days a week']"
INTERNATIONAL,2021-02-22 16:09:30,Web Development,Edufied,Work From Home,Immediately, 8000-15000 /month,6 Months,3 Mar' 21,Internship,"['Linux', 'DevOps', 'Certificate', ' Flexible work hours', ' 5 days a week']"
INTERNATIONAL,2021-02-22 16:09:31,Web Development,Knitter,Work From Home,Immediately, 10000 lump sum,2 Months,3 Mar' 21,Internship,"['PHP', 'ReactJS', 'Certificate', ' Letter of recommendation', ' Flexible work hours', ' 5 days a week']"
INTERNATIONAL,2021-02-22 16:09:32,Software & Artificial Intelligence (AI),Reflective AI,Work From Home,Immediately, 20000 /month,3 Months,3 Mar' 21,Internship,"['OpenCV', 'Python', 'Image Processing', 'Computer Vision', 'C++ Programming', 'Deep Learning', 'Certificate', ' Letter of recommendation', ' Flexible work hours']"
INTERNATIONAL,2021-02-22 16:09:32,Mobile App Development,JanaVikas Kendra,Work From Home,Immediately, 10000 /month,2 Months,3 Mar' 21,Internship,"['Android', 'Certificate', ' Letter of recommendation', ' Flexible work hours']"
INTERNATIONAL,2021-02-22 16:09:33,Web Development,ValueMantra Pte Limited,Work From Home,Immediately, 3000 /month,4 Months,3 Mar' 21,Internship,"['Machine Learning', 'Natural Language Processing (NLP)', 'Artifical Intelligence', 'Certificate', ' Letter of recommendation', ' Flexible work hours']"
INTERNATIONAL,2021-02-22 16:09:33,Marketing,Lumenci,Work From Home,Immediately, 9000 /month,1 Month,3 Mar' 21,Internship,"['Digital Marketing', 'Email Marketing', 'Certificate', ' 5 days a week']"
INTERNATIONAL,2021-02-22 16:09:34,Content Writing,ValueMantra Pte Limited,Work From Home,Immediately, 3000 /month,4 Months,3 Mar' 21,Internship,"['Creative Writing', 'English Proficiency (Written)', 'Certificate', ' Letter of recommendation', ' Flexible work hours']"
INTERNATIONAL,2021-02-22 16:09:35,Social Media Marketing,ValueMantra Pte Limited,Work From Home,Immediately, 3000 /month,4 Months,3 Mar' 21,Internship,"['HTML', 'Social Media Marketing', 'Search Engine Marketing (SEM)', 'Digital Marketing', 'Google AdWords', 'Search Engine Optimization (SEO)', 'Facebook Marketing', 'Email Marketing', 'Video Making', 'Certificate', ' Letter of recommendation', ' Flexible work hours']"
INTERNATIONAL,2021-02-22 16:09:36,Content Writing,Bless Naturally,Work From Home,Immediately, 3250 /month,4 Months,3 Mar' 21,Internship,"['Creative Writing', 'English Proficiency (Written)', 'British English', 'Certificate', ' Letter of recommendation', ' Flexible work hours']"
INTERNATIONAL,2021-02-22 16:09:36,Motion Graphic Design/2D/3D Animation Creation,Medclick Private Limited,Work From Home,Immediately, 3000 /month +  Incentives,6 Months,3 Mar' 21,Internship,"['Adobe Photoshop', 'Adobe Illustrator', 'Adobe Premiere Pro', 'Adobe After Effects', 'Certificate', ' Letter of recommendation', ' 5 days a week']"
INTERNATIONAL,2021-02-22 16:09:37,Business Development (Sales),Reflective AI,Work From Home,Immediately, 30000 /month,3 Months,3 Mar' 21,Internship,"['Digital Marketing', 'Email Marketing', 'English Proficiency (Spoken)', 'English Proficiency (Written)', 'Certificate', ' Letter of recommendation', ' Flexible work hours']"
INTERNATIONAL,2021-02-22 16:09:38,Search Engine Optimization (SEO),Market Forever Limited,Work From Home,Immediately, 1000 /month,3 Months,3 Mar' 21,Internship,"['WordPress', 'MS-Word', 'MS-PowerPoint', 'MS-Excel', 'Certificate', ' Letter of recommendation']"
INTERNATIONAL,2021-02-22 16:09:38,Web Development,Santosh Tandrothu,Work From Home,Immediately, 10000 /month,2 Months,3 Mar' 21,Internship,"['HTML', 'CSS', 'Django', 'ReactJS', 'MEAN/MERN Stack', 'Letter of recommendation', ' Flexible work hours']"
INTERNATIONAL,2021-02-22 16:09:39,Graphic Design,Santosh Tandrothu,Work From Home,Immediately, 5000 /month,1 Month,3 Mar' 21,Internship,"['Letter of recommendation', ' Flexible work hours']"
INTERNATIONAL,2021-02-22 16:09:40,Graphic Design,Solve Foundation,Work From Home,Immediately,Unpaid,2 Months,3 Mar' 21,Internship,"['Certificate', ' Flexible work hours']"
INTERNATIONAL,2021-02-22 16:09:41,Program Management,Solve Foundation,Work From Home,Immediately,Unpaid,6 Months,3 Mar' 21,Internship,"['Certificate', ' Letter of recommendation', ' Flexible work hours']"
INTERNATIONAL,2021-02-22 16:09:41,Digital Marketing,Cyan Reef,Work From Home,Immediately, 25000 /month,6 Months,3 Mar' 21,Internship,"['Social Media Marketing', 'Adobe Photoshop', 'Blogging', 'Google Analytics', 'Adobe Illustrator', 'WordPress', 'Digital Marketing', 'Salesforce', 'Facebook Marketing', 'Copywriting', 'Economics', 'English Proficiency (Spoken)', 'English Proficiency (Written)', 'Instagram Marketing', 'Letter of recommendation', ' Flexible work hours', ' 5 days a week']"
INTERNATIONAL,2021-02-22 16:09:42,UI/UX Design,Medclick Private Limited,Work From Home,Immediately, 3000 /month +  Incentives,6 Months,3 Mar' 21,Internship,"['Adobe Photoshop', 'Adobe Illustrator', 'UI & UX Design', 'Rapid Prototyping', 'Adobe XD', 'Figma', 'Certificate', ' Letter of recommendation', ' 5 days a week']"
INTERNATIONAL,2021-02-22 16:09:43,Business Development (Sales),Market Forever Limited,Work From Home,Immediately, 1000 /month,3 Months,2 Mar' 21,Internship,"['Digital Marketing', 'English Proficiency (Spoken)', 'Certificate', ' Letter of recommendation']"
INTERNATIONAL,2021-02-22 16:09:43,Graphic Design,Skadal Holding AS,Work From Home,Immediately, 7000 /month,3 Months,2 Mar' 21,Internship,"['Adobe Photoshop', 'Adobe Illustrator', 'Adobe Premiere Pro', 'Adobe Photoshop Lightroom CC', 'Video Editing', 'Certificate', ' Letter of recommendation', ' Flexible work hours']"
INTERNATIONAL,2021-02-22 16:09:44,Content Writing,Medclick Private Limited,Work From Home,Immediately, 2500 /month,4 Months,2 Mar' 21,Internship,"['Creative Writing', 'Report Writing', 'Certificate', ' Letter of recommendation', ' 5 days a week']"
INTERNATIONAL,2021-02-22 16:09:45,Human Resources (HR),Betickled,Work From Home,Immediately, 1000 /month,3 Months,2 Mar' 21,Internship,"['Recruitment', 'Certificate', ' Letter of recommendation', ' 5 days a week']"
INTERNATIONAL,2021-02-22 16:09:45,Graphic Design,SelfCAD,Work From Home,Immediately, 2000-5000 /week,1 Week,2 Mar' 21,Internship,"['Adobe Photoshop', '3ds Max', 'American English', 'Letter of recommendation', ' Flexible work hours', ' 5 days a week']"
INTERNATIONAL,2021-02-22 16:09:46,Business Development (Blockchain),SoHo Ventures,Work From Home,Immediately, 3000 /month,3 Months,2 Mar' 21,Internship,"['Certificate', ' Letter of recommendation', ' Flexible work hours', ' 5 days a week']"
INTERNATIONAL,2021-02-22 16:09:47,Content Writing,Skill Boost,Work From Home,Immediately, 1000 /month,2 Months,2 Mar' 21,Internship,"['English Proficiency (Written)', 'Certificate', ' Flexible work hours']"
INTERNATIONAL,2021-02-22 16:09:47,International Business Development,Richa Maheshwari Photography,Delhi,Immediately, 5000 /month,5 Months,2 Mar' 21,Internship,"['Social Media Marketing', 'Computer Networking', 'Certificate', ' Letter of recommendation', ' Flexible work hours', ' Informal dress code', ' 5 days a week']"
INTERNATIONAL,2021-02-22 16:09:49,Social Media Marketing,SalesAngel,Work From Home,Immediately, 10000-20000 /month,3 Months,23 Mar' 21,Internship,"['Social Media Marketing', 'Certificate', ' Letter of recommendation', ' Flexible work hours', ' 5 days a week']"
INTERNATIONAL,2021-02-22 16:09:50,Content Writing,REVES Enterprise Limited,Work From Home,Immediately, 2000-5000 /month,3 Months,2 Mar' 21,Internship,"['Creative Writing', 'Certificate', ' Flexible work hours']"
INTERNATIONAL,2021-02-22 16:09:50,Social Media Marketing,Print Online (UAE),Work From Home,Immediately, 3000-8000 /month,3 Months,1 Mar' 21,Internship,"['Social Media Marketing', 'Adobe Photoshop', 'Blogging', 'Video Editing', 'Email Marketing', 'Certificate', ' Letter of recommendation', ' Flexible work hours']"
INTERNATIONAL,2021-02-22 16:09:51,Content & E-Commerce Management,Safinat Al Sahraa Trading Co LLC,Work From Home,Immediately, 2000 /month +  Incentives,3 Months,1 Mar' 21,Internship,"['Certificate', ' Letter of recommendation']"
INTERNATIONAL,2021-02-22 16:09:52,Integration Development,Cloudify,Work From Home,Immediately, 10000 /month,3 Months,1 Mar' 21,Internship,"['JavaScript', 'Algorithms', 'REST API', 'Certificate', ' Letter of recommendation', ' 5 days a week']"
INTERNATIONAL,2021-02-22 16:09:52,Business Development (Sales),Anaya Cybertech Pllc,Work From Home,Immediately, 5000 /month,2 Months,1 Mar' 21,Internship,"['Certificate', ' Letter of recommendation', ' Flexible work hours', ' 5 days a week']"
INTERNATIONAL,2021-02-22 16:09:53,Digital Marketing,Safinat Al Sahraa Trading Co LLC,Work From Home,Immediately, 3500 /month +  Incentives,3 Months,1 Mar' 21,Internship,"['Adobe Photoshop', 'MS-PowerPoint', 'English Proficiency (Written)', 'Instagram Marketing', 'Certificate', ' Letter of recommendation', ' Flexible work hours']"
INTERNATIONAL,2021-02-22 16:09:54,Web Development,TINO IQ,Work From Home,Immediately, 5000 /month,2 Months,1 Mar' 21,Internship,"['PHP', 'SQL', 'Certificate', ' Letter of recommendation', ' Flexible work hours']"
INTERNATIONAL,2021-02-22 16:09:54,Social Media Marketing,Kitchen Platz,Work From Home,Immediately, 1500 /week,6 Months,1 Mar' 21,Internship,"['Social Media Marketing', 'Digital Marketing', 'Google AdWords', 'English Proficiency (Written)', 'Letter of recommendation', ' Flexible work hours']"
INTERNATIONAL,2021-02-22 16:09:55,Content Writing,Social Spil,Work From Home,Immediately, 6000 /month,3 Months,1 Mar' 21,Internship,"['Social Media Marketing', 'Digital Marketing', 'Creative Writing', 'English Proficiency (Written)', 'Certificate', ' Letter of recommendation', ' Flexible work hours', ' 5 days a week']"
INTERNATIONAL,2021-02-22 16:09:56,Business Development (Sales),Bluefox Technologies,Work From Home,Immediately, 7000 /month,6 Months,27 Feb' 21,Internship,"['Letter of recommendation', ' 5 days a week']"
INTERNATIONAL,2021-02-22 16:09:56,Human Resources (HR),Bluefox Technologies,Work From Home,Immediately, 7000 /month,6 Months,27 Feb' 21,Internship,"['Certificate', ' 5 days a week']"
INTERNATIONAL,2021-02-22 16:09:57,Algorithm Development,SKILL GEEK PRIVATE LIMITED,Work From Home,Immediately, 4000 /month,1 Month,27 Feb' 21,Internship,"['Algorithms', 'Certificate', ' Letter of recommendation', ' Flexible work hours', ' 5 days a week']"
INTERNATIONAL,2021-02-22 16:09:57,UI/UX Design,Uprint Image,Work From Home,Immediately, 10000 /month,1 Month,27 Feb' 21,Internship,[]
INTERNATIONAL,2021-02-22 16:09:58,Graphic Design And Video Production,House Of Brilliance Ventures LLP,Work From Home,Immediately, 4000-5000 /month,2 Months,27 Feb' 21,Internship,"['Adobe Photoshop', 'Adobe Illustrator', 'Video Editing', 'Adobe Premiere Pro', 'Autodesk Maya', 'Video Making', 'Animation', 'Adobe After Effects', 'Certificate', ' Letter of recommendation', ' Flexible work hours']"
INTERNATIONAL,2021-02-22 16:09:59,Fundraising,She The Pwr,Work From Home,Immediately,Unpaid,6 Months,27 Feb' 21,Internship,"['English Proficiency (Spoken)', 'English Proficiency (Written)', 'Certificate', ' Letter of recommendation', ' Flexible work hours']"
INTERNATIONAL,2021-02-22 16:09:59,Business Development (Sales),EnR Consultancy Services,Work From Home,Immediately, 1000-6000 /month,1 Month,27 Feb' 21,Internship,"['MS-Office', 'British English', 'Certificate', ' Letter of recommendation', ' Flexible work hours']"
INTERNATIONAL,2021-02-22 16:10:00,Game Development,EnR Consultancy Services,Work From Home,Immediately, 1000-6000 /month,3 Months,27 Feb' 21,Internship,"['Unity 3D', 'Autodesk Maya', 'Unreal Engine', 'Unity Engine', 'Certificate', ' Letter of recommendation', ' Flexible work hours']"
INTERNATIONAL,2021-02-22 16:10:01,Mobile App Development,EnR Consultancy Services,Work From Home,Immediately, 1000-6000 /month,3 Months,27 Feb' 21,Internship,"['Windows Mobile Application Development', 'Flutter', 'iOS', 'Android', 'Certificate', ' Letter of recommendation', ' Flexible work hours']"
INTERNATIONAL,2021-02-22 16:10:01,Social Media Marketing,Health Click Away,Work From Home,Immediately, 1000 /month,2 Months,27 Feb' 21,Internship,"['Digital Marketing', 'Creative Writing', 'Certificate', ' Letter of recommendation', ' Flexible work hours']"
INTERNATIONAL,2021-02-22 16:10:02,Content Writing,GRIP At The Sparks Foundation,Work From Home,Immediately,Unpaid,1 Month,26 Feb' 21,Internship,"['MS-Office', 'MS-PowerPoint', 'Creative Writing', 'Video Making', 'Report Writing', 'Animation', 'Certificate', ' Letter of recommendation', ' Flexible work hours', ' 5 days a week']"
INTERNATIONAL,2021-02-22 16:10:03,IOT & COMPUTER VISION,GRIP At The Sparks Foundation,Work From Home,Immediately,Unpaid,1 Month,26 Feb' 21,Internship,"['Certificate', ' Letter of recommendation', ' Flexible work hours', ' 5 days a week']"
INTERNATIONAL,2021-02-22 16:10:03,Digital Marketing,GRIP At The Sparks Foundation,Work From Home,Immediately,Unpaid,1 Month,26 Feb' 21,Internship,"['Social Media Marketing', 'Search Engine Marketing (SEM)', 'Digital Marketing', 'Facebook Marketing', 'Instagram Marketing', 'Certificate', ' Letter of recommendation', ' Flexible work hours', ' 5 days a week']"
INTERNATIONAL,2021-02-22 16:10:04,Mobile App Development,GRIP At The Sparks Foundation,Work From Home,Immediately,Unpaid,1 Month,26 Feb' 21,Internship,"['Java', 'REST API', 'iOS', 'Android', 'Deep Learning', 'Certificate', ' Letter of recommendation', ' Flexible work hours', ' 5 days a week']"
INTERNATIONAL,2021-02-22 16:10:05,Embedded Systems,Anand Fabrics,Work From Home,Immediately, 1000 /month,4 Months,26 Feb' 21,Internship,"['Python', 'Embedded Systems', 'C++ Programming', 'Letter of recommendation', ' 5 days a week']"
INTERNATIONAL,2021-02-22 16:10:06,Product Development,RIMSports,Work From Home,Immediately, 5000 /month,3 Months,26 Feb' 21,Internship,"['Data Analytics', 'Certificate']"
INTERNATIONAL,2021-02-22 16:10:06,Sourcing,RIMSports,Work From Home,Immediately, 5000 /month,3 Months,26 Feb' 21,Internship,"['English Proficiency (Spoken)', 'English Proficiency (Written)', 'Certificate', ' Letter of recommendation']"
INTERNATIONAL,2021-02-22 16:10:07,Personal Assistance,RIMSports,Work From Home,Immediately, 5000 /month,3 Months,26 Feb' 21,Internship,"['Adobe Photoshop', 'Adobe Illustrator', 'Adobe Indesign', 'Certificate', ' Letter of recommendation']"
INTERNATIONAL,2021-02-22 16:10:07,PPC Marketing,RIMSports,Work From Home,Immediately, 5000 /month,3 Months,26 Feb' 21,Internship,"['Data Analytics', 'Mathematics', 'Certificate', ' Letter of recommendation']"
INTERNATIONAL,2021-02-22 16:10:08,Digital Marketing,RIMSports,Work From Home,Immediately, 5000 /month,3 Months,26 Feb' 21,Internship,"['Adobe Photoshop', 'Search Engine Marketing (SEM)', 'Digital Marketing', 'Search Engine Optimization (SEO)']"
INTERNATIONAL,2021-02-22 16:10:09,Cyber Security,SKILL GEEK PRIVATE LIMITED,Work From Home,Immediately, 4000 /month,1 Month,26 Feb' 21,Internship,"['Java', 'Certificate', ' Letter of recommendation', ' Flexible work hours', ' 5 days a week']"
INTERNATIONAL,2021-02-22 16:10:09,Web Development,Vibhor Anand,Work From Home,Immediately, 14000 /month,2 Months,26 Feb' 21,Internship,"['HTML', 'WordPress', 'Certificate', ' Letter of recommendation']"
INTERNATIONAL,2021-02-22 16:10:10,Graphic Design,JanaVikas Kendra,Work From Home,Immediately, 12000 /month,2 Months,26 Feb' 21,Internship,"['Adobe Illustrator', 'Adobe After Effects', 'Certificate', ' Letter of recommendation', ' Flexible work hours', ' 5 days a week']"
INTERNATIONAL,2021-02-22 16:10:11,Graphic Design,American Institute Of Big Data Professionals,Work From Home,Immediately, 3000-5000 /month,2 Months,26 Feb' 21,Internship,"['Video Editing', 'Video Making', 'Animation', 'Certificate', ' Letter of recommendation', ' Flexible work hours']"
INTERNATIONAL,2021-02-22 16:10:11,Digital Marketing,American Institute Of Big Data Professionals,Work From Home,Immediately, 3000-5000 /month,2 Months,26 Feb' 21,Internship,"['Social Media Marketing', 'Search Engine Marketing (SEM)', 'Digital Marketing', 'Search Engine Optimization (SEO)', 'Certificate', ' Letter of recommendation', ' Flexible work hours']"
INTERNATIONAL,2021-02-22 16:10:12,Program Management,Solve Foundation,Work From Home,Immediately,Unpaid,6 Months,26 Feb' 21,Internship,"['Certificate', ' Letter of recommendation']"
INTERNATIONAL,2021-02-22 16:10:13,Web Development,Suresh Digital Services,Work From Home,Immediately, 15000 /month,1 Month,26 Feb' 21,Internship,"['ReactJS', 'Certificate', ' Letter of recommendation', ' 5 days a week']"
INTERNATIONAL,2021-02-22 16:10:13,Front End Development (Angular),Medclick Private Limited,Work From Home,Immediately, 2500 /month +  Incentives,6 Months,26 Feb' 21,Internship,"['Java', 'JavaScript', '.NET', 'Angular 7.0', 'Amazon Web Server (AWS)', 'Certificate', ' Letter of recommendation', ' 5 days a week']"
INTERNATIONAL,2021-02-22 16:10:14,PHP Developer,Pikkal & Company,Work From Home,Immediately, 10000 /month,3 Months,26 Feb' 21,Internship,"['PHP', 'MySQL', 'WordPress', 'LARAVEL', 'Letter of recommendation', ' 5 days a week']"
INTERNATIONAL,2021-02-22 16:10:15,Content Writing,M Streme,Work From Home,Immediately, 1000 /month,2 Months,26 Feb' 21,Internship,"['English Proficiency (Written)', 'Certificate', ' Flexible work hours']"
INTERNATIONAL,2021-02-22 16:10:17,Social Media Marketing,Medclick Private Limited,Work From Home,Immediately, 2500 /month,4 Months,26 Feb' 21,Internship,"['Certificate', ' Letter of recommendation', ' 5 days a week']"
INTERNATIONAL,2021-02-22 16:10:18,Full Stack Development,Food Vybe,Work From Home,Immediately, 1000 /month,3 Months,25 Feb' 21,Internship,"['MongoDB', 'Node.js', 'MEAN/MERN Stack', 'JavaScript', 'Certificate', ' Letter of recommendation', ' Flexible work hours']"
INTERNATIONAL,2021-02-22 16:10:19,Content Writing,Indian IT Blog,Work From Home,Immediately, 3000 /month,3 Months,25 Feb' 21,Internship,"['Creative Writing', 'English Proficiency (Written)', 'Certificate', ' Letter of recommendation', ' 5 days a week']"
INTERNATIONAL,2021-02-22 16:10:19,Graphic Design,Zergon Bizsupport,Noida,Immediately, 5000 /month,3 Months,25 Feb' 21,Internship,"['Adobe Photoshop', 'CorelDRAW', 'Adobe Illustrator', 'Certificate', ' Letter of recommendation', ' Informal dress code']"
INTERNATIONAL,2021-02-22 16:10:20,Content Writing,Boyd Private Limited,Work From Home,Immediately, 2000 /month,2 Months,25 Feb' 21,Internship,"['Creative Writing', 'English Proficiency (Written)', 'Copywriting', 'Certificate', ' Letter of recommendation', ' Flexible work hours', ' 5 days a week']"
INTERNATIONAL,2021-02-22 16:10:21,Data Collection,Let's Find X,Work From Home,Immediately, 1000 /month,2 Months,25 Feb' 21,Internship,"['MS-Excel', 'Certificate', ' Letter of recommendation', ' Flexible work hours', ' 5 days a week']"
INTERNATIONAL,2021-02-22 16:10:21,Technical Web Administration,Kidadl,Work From Home,Immediately, 14000 /month,6 Months,25 Feb' 21,Internship,"['HTML', 'WordPress', 'Search Engine Optimization (SEO)', 'MS-Excel', 'Letter of recommendation', ' 5 days a week']"
INTERNATIONAL,2021-02-22 16:10:22,Full Stack Flutter Engineering,Sarath Chandra,Work From Home,Immediately, 10000 lump sum,1 Month,25 Feb' 21,Internship,"['Flutter', 'Firebase', 'Firebase Cloud Messaging', 'Letter of recommendation', ' Flexible work hours', ' 5 days a week']"
INTERNATIONAL,2021-02-22 16:10:23,Marketing,Iris Star Technologies LLC,Work From Home,Immediately, 3000 /month,1 Month,25 Feb' 21,Internship,"['Search Engine Marketing (SEM)', 'Search Engine Optimization (SEO)', 'English Proficiency (Spoken)', 'English Proficiency (Written)', 'Certificate', ' Letter of recommendation', ' Flexible work hours']"
INTERNATIONAL,2021-02-22 16:10:23,Graphic Design,Iris Star Technologies LLC,Work From Home,Immediately, 3000 /month,2 Months,25 Feb' 21,Internship,"['Adobe Creative Suite', 'English Proficiency (Spoken)', 'English Proficiency (Written)', 'Certificate', ' Letter of recommendation', ' Flexible work hours']"
INTERNATIONAL,2021-02-22 16:10:24,Content Writing,Iris Star Technologies LLC,Work From Home,Immediately, 3000 /month,2 Months,25 Feb' 21,Internship,"['Search Engine Marketing (SEM)', 'Search Engine Optimization (SEO)', 'English Proficiency (Spoken)', 'English Proficiency (Written)', 'Certificate', ' Letter of recommendation', ' Flexible work hours']"
INTERNATIONAL,2021-02-22 16:10:25,SOA Modelling,SKILL GEEK PRIVATE LIMITED,Work From Home,Immediately, 3000 /month,1 Month,25 Feb' 21,Internship,"['Certificate', ' Letter of recommendation', ' Flexible work hours', ' 5 days a week']"
INTERNATIONAL,2021-02-22 16:10:25,Digital Marketing,Wordsburg Translations,Work From Home,Immediately, 7500 /month,1 Month,25 Feb' 21,Internship,"['Social Media Marketing', 'Digital Marketing', 'Facebook Marketing', 'Instagram Marketing', 'Certificate', ' Letter of recommendation', ' 5 days a week']"
INTERNATIONAL,2021-02-22 16:10:26,Social Media Marketing,Solve Foundation,Work From Home,Immediately,Unpaid,2 Weeks,25 Feb' 21,Internship,['Certificate']
INTERNATIONAL,2021-02-22 16:10:27,Content Writing,Advent Business Company Incorporation,Work From Home,Immediately, 2000 /month +  Incentives,4 Months,25 Feb' 21,Internship,"['English Proficiency (Written)', 'Online Teaching', 'Certificate', ' Letter of recommendation', ' Flexible work hours', ' 5 days a week']"
INTERNATIONAL,2021-02-22 16:10:27,Mobile App Development,Advent Business Company Incorporation,Work From Home,Immediately, 2000 /month +  Incentives,4 Months,25 Feb' 21,Internship,"['CSS', 'iOS', 'Android', 'Angular 7.0', 'Certificate', ' Letter of recommendation', ' Flexible work hours', ' 5 days a week']"
INTERNATIONAL,2021-02-22 16:10:28,Web Development,Advent Business Company Incorporation,Work From Home,Immediately, 2000 /month +  Incentives,4 Months,25 Feb' 21,Internship,"['CSS', 'Angular 7.0', 'Certificate', ' Letter of recommendation', ' Flexible work hours', ' 5 days a week']"
INTERNATIONAL,2021-02-22 16:10:28,Business Development (Sales),EventTow,Work From Home,Immediately, 5000 /month,6 Months,24 Feb' 21,Internship,"['Certificate', ' Letter of recommendation']"
INTERNATIONAL,2021-02-22 16:10:29,Business Development (Sales),CAST Technologies,San Francisco (United States),Immediately, 7000-14000 /month,3 Months,24 Feb' 21,Internship with job offer,"['Certificate', ' Letter of recommendation', ' Flexible work hours', ' Informal dress code', ' 5 days a week', ' Job offer']"
INTERNATIONAL,2021-02-22 16:10:30,Human Resources (HR),EnR Consultancy Services,Work From Home,Immediately, 1000-5000 /month,6 Months,24 Feb' 21,Internship,"['MS-Office', 'English Proficiency (Spoken)', 'English Proficiency (Written)', 'Certificate', ' Letter of recommendation', ' Flexible work hours']"
INTERNATIONAL,2021-02-22 16:10:30,Human Resources (HR),Suresh Digital Services,Work From Home,Immediately, 4000 /month +  Incentives,1 Month,24 Feb' 21,Internship,"['Certificate', ' Letter of recommendation', ' 5 days a week']"
INTERNATIONAL,2021-02-22 16:10:31,Social Media Marketing,Suresh Digital Services,Work From Home,Immediately, 4000 /month +  Incentives,3 Months,24 Feb' 21,Internship,"['Social Media Marketing', 'Digital Marketing', 'Certificate', ' Letter of recommendation', ' 5 days a week']"
INTERNATIONAL,2021-02-22 16:10:32,Content Writing,Network360Media,Work From Home,Immediately, 3000-8000 /month,4 Months,24 Feb' 21,Internship,"['Social Media Marketing', 'WordPress', 'English Proficiency (Written)', 'Telugu Proficiency (Written)', 'Certificate', ' Letter of recommendation', ' Flexible work hours']"
INTERNATIONAL,2021-02-22 16:10:32,Social Media Marketing,Fleksa,Work From Home,Immediately, 5000-7000 /month,3 Months,24 Feb' 21,Internship,"['Social Media Marketing', 'Search Engine Marketing (SEM)', 'Digital Marketing', 'Search Engine Optimization (SEO)', 'Facebook Marketing', 'Email Marketing', 'Instagram Marketing', 'Certificate', ' Letter of recommendation', ' Flexible work hours', ' 5 days a week']"
INTERNATIONAL,2021-02-22 16:10:33,Graphic Design,Boyd Private Limited,Work From Home,Immediately, 2000 /month,2 Months,24 Feb' 21,Internship,"['Adobe Photoshop', 'CorelDRAW', 'Adobe Illustrator', 'Adobe Premiere Pro', 'Adobe Dreamweaver', 'Adobe Indesign', 'Certificate', ' Letter of recommendation', ' Flexible work hours', ' 5 days a week']"
INTERNATIONAL,2021-02-22 16:10:34,Web Development,Assembly,Work From Home,Immediately, 5000 /month,2 Months,24 Feb' 21,Internship,"['PHP', 'HTML', 'CSS', 'JavaScript', 'WordPress', 'Certificate', ' Letter of recommendation', ' Flexible work hours', ' 5 days a week']"
INTERNATIONAL,2021-02-22 16:10:34,Web Development,Fashion Mode,Work From Home,Immediately, 5000 /month,2 Months,24 Feb' 21,Internship,"['PHP', 'HTML', 'JavaScript', 'WordPress', 'Certificate', ' Letter of recommendation', ' Flexible work hours', ' 5 days a week']"
INTERNATIONAL,2021-02-22 16:10:35,Operations,Wisdom Events,Work From Home,Immediately, 50 /month,3 Months,24 Feb' 21,Internship,"['Certificate', ' Letter of recommendation', ' Flexible work hours', ' 5 days a week']"
INTERNATIONAL,2021-02-22 16:10:36,JavaScript Development,Stewards,Work From Home,Immediately, 25000-35000 /month,3 Months,24 Feb' 21,Internship,"['JavaScript', 'React Native', 'ReactJS', 'TypeScript', 'Certificate', ' Letter of recommendation', ' Flexible work hours', ' 5 days a week']"
INTERNATIONAL,2021-02-22 16:10:36,Digital Marketing,Nikqik Technologies,Work From Home,Immediately, 3000 /month,3 Months,24 Feb' 21,Internship,"['Search Engine Marketing (SEM)', 'Digital Marketing', 'Creative Writing', 'Email Marketing', 'Amazon Web Server (AWS)', 'Certificate', ' Letter of recommendation', ' Flexible work hours']"
INTERNATIONAL,2021-02-22 16:10:37,Human Resources (HR),Market Forever Limited,Work From Home,Immediately, 1000 /month,3 Months,24 Feb' 21,Internship,"['MS-PowerPoint', 'Certificate', ' 5 days a week']"
INTERNATIONAL,2021-02-22 16:10:37,Course Content Development,Tutor Here,Work From Home,Immediately,Unpaid,3 Months,24 Feb' 21,Internship,"['English Proficiency (Spoken)', 'English Proficiency (Written)', 'Letter of recommendation', ' Flexible work hours']"
INTERNATIONAL,2021-02-22 16:10:38,Social Media Marketing,Vibrant Serve,Work From Home,Immediately, 8000 /month,3 Months,23 Feb' 21,Internship,"['Certificate', ' Letter of recommendation', ' Flexible work hours']"
INTERNATIONAL,2021-02-22 16:10:39,IT Talent Acquisition,ITConnectUS PTE LTD,Work From Home,Immediately, 10000 /month,6 Months,23 Feb' 21,Internship,"['Recruitment', 'Certificate', ' Letter of recommendation', ' 5 days a week']"
INTERNATIONAL,2021-02-22 16:10:39,Web Development,Qualyval,Work From Home,Immediately, 6000 /month,2 Months,23 Feb' 21,Internship,"['JavaScript', 'Python', 'Node.js', 'REST API', 'Certificate', ' Letter of recommendation', ' Flexible work hours']"
INTERNATIONAL,2021-02-22 16:10:40,Content Writing,Stichting The London Story,Work From Home,Immediately,Unpaid,2 Months,23 Feb' 21,Internship,"['Certificate', ' Letter of recommendation', ' Flexible work hours', ' 5 days a week']"
INTERNATIONAL,2021-02-22 16:10:41,Machine Learning,The Crafty Talk,Work From Home,Immediately, 8700 /month,1 Month,23 Feb' 21,Internship,"['Java', 'Python', 'Machine Learning', 'Artifical Intelligence', 'Certificate', ' Letter of recommendation']"
INTERNATIONAL,2021-02-22 16:10:41,Machine Learning,RightMark Solutions,Work From Home,Immediately, 18000 /month,1 Month,23 Feb' 21,Internship,"['Python', 'Machine Learning', 'Microsoft Azure', 'REST API', 'Certificate', ' Letter of recommendation', ' Flexible work hours']"
INTERNATIONAL,2021-02-22 16:10:42,Teaching,Tutor Here,Work From Home,Immediately,Unpaid,3 Months,23 Feb' 21,Internship,"['English Proficiency (Spoken)', 'English Proficiency (Written)', 'Letter of recommendation', ' Flexible work hours']"
INTERNATIONAL,2021-02-22 16:10:42,Mobile App Development,MWW,Work From Home,Immediately, 12500 /month,3 Months,23 Feb' 21,Internship,['Letter of recommendation']
INTERNATIONAL,2021-02-22 16:10:44,Marketing,AIMAKERY™ LONDON (UK),Work From Home,Immediately, 5000 /month +  Incentives,2 Months,23 Feb' 21,Internship,"['Email Marketing', 'Certificate', ' Letter of recommendation', ' Flexible work hours', ' 5 days a week']"
INTERNATIONAL,2021-02-22 16:10:45,WordPress Development,AIMAKERY™ LONDON (UK),Work From Home,Immediately, 5000-10000 /month,3 Months,23 Feb' 21,Internship,"['PHP', 'HTML', 'CSS', 'JavaScript', 'WordPress', 'Certificate', ' Letter of recommendation', ' Flexible work hours', ' 5 days a week']"
INTERNATIONAL,2021-02-22 16:10:46,Business Development (Sales),AIMAKERY™ LONDON (UK),Work From Home,Immediately, 10000-20000 /month,3 Months,23 Feb' 21,Internship,"['Social Media Marketing', 'Search Engine Marketing (SEM)', 'Digital Marketing', 'Facebook Marketing', 'Email Marketing', 'Instagram Marketing', 'Certificate', ' Letter of recommendation', ' Flexible work hours', ' 5 days a week']"
INTERNATIONAL,2021-02-22 16:10:47,Content Research,Kidadl,Work From Home,Immediately, 12000 /month,6 Months,23 Feb' 21,Internship,"['MS-Word', 'MS-Excel', '5 days a week']"
INTERNATIONAL,2021-02-22 16:10:47,Marketing,Grocamie,Work From Home,Immediately, 1000 /month +  Incentives,2 Months,23 Feb' 21,Internship,"['Digital Marketing', 'Email Marketing', 'MS-Excel', 'Client Relationship', 'Certificate', ' Letter of recommendation', ' Flexible work hours', ' 5 days a week']"
INTERNATIONAL,2021-02-22 16:10:48,Digital Marketing,GCAS Quality Certifications Private Limited,Work From Home,Immediately, 8000 /month +  Incentives,6 Months,23 Feb' 21,Internship,"['Certificate', ' Letter of recommendation', ' Flexible work hours']"
INTERNATIONAL,2021-02-22 16:10:48,Video Making/Editing,Health Click Away,Work From Home,Immediately, 1000 /month,3 Months,23 Feb' 21,Internship,"['Video Editing', 'Video Making', 'Animation', 'Certificate', ' Letter of recommendation', ' Flexible work hours']"
INTERNATIONAL,2021-02-22 16:10:49,Content Writing,Health Click Away,Work From Home,Immediately, 1000 /month,2 Months,23 Feb' 21,Internship,"['Social Media Marketing', 'Digital Marketing', 'Creative Writing', 'Certificate', ' Letter of recommendation', ' Flexible work hours']"
INTERNATIONAL,2021-02-22 16:10:50,Web Development,Webtutsplus,Work From Home,Immediately, 20000 /month,2 Months,23 Feb' 21,Internship,"['Java', 'JavaScript', 'Algorithms', 'Data Structures', 'Flexible work hours']"
INTERNATIONAL,2021-02-22 16:10:50,Web Development (PHP Back End Development),Crabroom LLC,Work From Home,Immediately, 10000 /month,6 Months,22 Feb' 21,Internship,"['PHP', 'MySQL', 'JavaScript', 'jQuery', 'AJAX', 'Bootstrap', 'REST API', 'Stripe Payment API', 'Certificate', ' Letter of recommendation', ' 5 days a week']"
INTERNATIONAL,2021-02-22 16:10:51,Mobile App Development,PNK Company,Work From Home,Immediately, 10000 /month,6 Months,22 Feb' 21,Internship,"['Android', 'Certificate', ' Letter of recommendation', ' Flexible work hours', ' 5 days a week']"
INTERNATIONAL,2021-02-22 16:10:52,Content Writing,AiHello,Work From Home,Immediately, 9000 /month,3 Months,22 Feb' 21,Internship,"['Creative Writing', 'English Proficiency (Spoken)', 'English Proficiency (Written)', 'Certificate', ' Letter of recommendation', ' Flexible work hours', ' 5 days a week']"
INTERNATIONAL,2021-02-22 16:10:52,Content Writing,Fintrakk,Work From Home,Immediately, 8000 /month,6 Months,22 Feb' 21,Internship,"['Blogging', 'Search Engine Optimization (SEO)', 'Creative Writing', 'English Proficiency (Written)', 'Flexible work hours']"
INTERNATIONAL,2021-02-22 16:10:53,Social Media Marketing,Aeon IT Solutions Private Limited,Work From Home,Immediately, 8000 /month,6 Months,22 Feb' 21,Internship,"['Social Media Marketing', 'English Proficiency (Spoken)', 'English Proficiency (Written)', 'Certificate', ' Letter of recommendation']"
INTERNATIONAL,2021-02-22 16:10:54,Digital Marketing,Brinda,Work From Home,Immediately, 2500 /month,6 Months,22 Feb' 21,Internship,"['Certificate', ' Letter of recommendation', ' Flexible work hours', ' 5 days a week']"
INTERNATIONAL,2021-02-22 16:10:54,Content Writing,Unity Global LLC (Cyan & Saffron),Work From Home,Immediately, 1000-6000 /month,2 Months,22 Feb' 21,Internship,"['Certificate', ' Letter of recommendation', ' Flexible work hours']"
INTERNATIONAL,2021-02-22 16:10:55,Content Writing,Tutor Here,Work From Home,Immediately,Unpaid,3 Months,22 Feb' 21,Internship,"['WordPress', 'MS-Word', 'Search Engine Optimization (SEO)', 'English Proficiency (Spoken)', 'English Proficiency (Written)', 'Letter of recommendation', ' Flexible work hours']"
INTERNATIONAL,2021-02-22 16:10:56,Market Research,DiligenceVault,Work From Home,Immediately, 10000-20000 /month,3 Months,22 Feb' 21,Internship,[]
INTERNATIONAL,2021-02-22 16:10:56,Web Development,EventTow,Work From Home,Immediately, 8000 /month,6 Months,22 Feb' 21,Internship,"['HTML', 'CSS', 'Python', 'AngularJS', 'Certificate', ' Letter of recommendation']"
INTERNATIONAL,2021-02-22 16:10:57,Web Development,BillBaba,Work From Home,Nothing, 5000 /month,3 Months,22 Feb' 21,Internship,"['MySQL', 'HTML', 'CSS', 'JavaScript', 'Ruby on Rails', 'Linux', 'PostgreSQL', 'UI & UX Design', 'Flexible work hours', ' 5 days a week']"
INTERNATIONAL,2021-02-22 16:10:58,Web Development,Radicali,Work From Home,Immediately, 15000 /month,2 Months,22 Feb' 21,Internship,"['HTML', 'JavaScript', 'ReactJS', 'Redux']"
INTERNATIONAL,2021-02-22 16:10:59,UI/UX Design,TieInUp Private Limited,Work From Home,Immediately, 2000 /month,6 Months,28 Feb' 21,Internship,"['Adobe Premiere Pro', 'Adobe Creative Suite', 'UI & UX Design', 'Adobe After Effects', 'Adobe XD', 'Figma', 'Certificate', ' Letter of recommendation', ' Flexible work hours', ' 5 days a week']"
INTERNATIONAL,2021-02-22 16:10:59,Vue.js Development,Lloyd Harrington Australia Proprietary Limited,Work From Home,Immediately, 7000 /month,6 Months,12 Mar' 21,Internship,"['Java', 'MySQL', 'HTML', 'CSS', 'JavaScript', 'jQuery', 'Nginx', 'AngularJS', 'User Interface (UI) Development', 'PostgreSQL', 'UI & UX Design', 'Sass', 'Vue Js', 'Node.js', 'ReactJS', 'Certificate', ' Flexible work hours']"
INTERNATIONAL,2021-02-22 16:11:00,Node.js Development,Lloyd Harrington Australia Proprietary Limited,Work From Home,Immediately, 7000 /month,6 Months,12 Mar' 21,Internship,"['Java', 'MySQL', 'HTML', 'CSS', 'JavaScript', 'jQuery', 'Nginx', 'AngularJS', 'User Interface (UI) Development', 'PostgreSQL', 'UI & UX Design', 'Sass', 'Vue Js', 'Node.js', 'ReactJS', 'Certificate', ' Flexible work hours']"
INTERNATIONAL,2021-02-22 16:11:01,React.js Development,Lloyd Harrington Australia Proprietary Limited,Work From Home,Immediately, 7000 /month,6 Months,12 Mar' 21,Internship,"['Java', 'MySQL', 'HTML', 'CSS', 'JavaScript', 'jQuery', 'Nginx', 'AngularJS', 'Node.js', 'User Interface (UI) Development', 'UI & UX Design', 'Sass', 'TypeScript', 'Vue Js', 'Certificate', ' Flexible work hours']"
INTERNATIONAL,2021-02-22 16:11:01,Product Management,Betickled,Work From Home,Immediately, 1000 /month,6 Months,28 Feb' 21,Internship,"['Certificate', ' Letter of recommendation', ' 5 days a week']"
INTERNATIONAL,2021-02-22 16:11:02,Web Development,Lloyd Harrington Australia Proprietary Limited,Work From Home,Immediately, 7000 /month,6 Months,11 Mar' 21,Internship,"['JavaScript', 'Python', 'Adobe Photoshop', '.NET', 'Adobe Creative Suite', 'Adobe Dreamweaver', 'Bootstrap', 'User Interface (UI) Development', 'UI & UX Design', 'Adobe After Effects', 'Linux', 'Certificate', ' Letter of recommendation', ' Flexible work hours']"
INTERNATIONAL,2021-02-22 16:11:02,Product Marketing,Betickled,Work From Home,Immediately, 1000 /month,6 Months,28 Feb' 21,Internship,"['Certificate', ' Letter of recommendation', ' 5 days a week']"
INTERNATIONAL,2021-02-22 16:11:03,Java Development,Lloyd Harrington Australia Proprietary Limited,Work From Home,Immediately, 7000 /month,6 Months,11 Mar' 21,Internship,"['Java', 'MySQL', 'HTML', 'CSS', 'JavaScript', 'jQuery', 'Nginx', 'AngularJS', 'User Interface (UI) Development', 'PostgreSQL', 'UI & UX Design', 'Sass', 'Vue Js', 'Certificate', ' Flexible work hours']"
INTERNATIONAL,2021-02-22 16:11:04,Operational Accountancy,Lloyd Harrington Australia Proprietary Limited,Bangalore,Immediately, 7000 /month,6 Months,10 Mar' 21,Internship with job offer,"['Accounting', 'Tally', 'MS-Excel', 'Financial Modeling', 'Certificate', ' Letter of recommendation', ' Flexible work hours', ' Job offer']"
INTERNATIONAL,2021-02-22 16:11:05,Social Media Marketing (Health/Medical),MedBound,Work From Home,Immediately, 10000 /month,6 Months,28 Feb' 21,Internship,"['Social Media Marketing', '.NET', 'Digital Marketing', 'Email Marketing', 'Certificate', ' Letter of recommendation', ' Flexible work hours']"
INTERNATIONAL,2021-02-22 16:11:06,Data Analytics,Pikkal & Company,Work From Home,Immediately, 10000 /month,3 Months,6 Mar' 21,Internship,"['MySQL', 'Data Structures', 'Data Analytics', 'Django', 'Data Science', 'ReactJS', 'Letter of recommendation', ' 5 days a week']"
INTERNATIONAL,2021-02-22 16:11:06,WordPress Development,Pikkal & Company,Work From Home,Immediately, 10000 /month,3 Months,6 Mar' 21,Internship,"['PHP', 'MySQL', 'HTML', 'CSS', 'JavaScript', 'WordPress', 'ReactJS', 'Materialize', 'Letter of recommendation', ' 5 days a week']"
INTERNATIONAL,2021-02-22 16:11:07,Web Development,Sellectric Tech Labs LLP,Work From Home,Immediately, 3000 /month,3 Months,4 Mar' 21,Internship,"['Java', 'JavaScript', 'AngularJS', 'ReactJS', 'jQuery', 'Flexible work hours', ' 5 days a week']"
INTERNATIONAL,2021-02-22 16:11:07,Graphic Design,VecoV,Work From Home,Immediately, 1000 /week,1 Month,2 Mar' 21,Internship,['Certificate']
INTERNATIONAL,2021-02-22 16:11:08,Android App Development/Kotlin Programming (Smart App Development),Medclick Private Limited,Work From Home,Immediately, 2500 /month +  Incentives,6 Months,1 Mar' 21,Internship,"['Java', 'Kotlin', 'Certificate', ' Letter of recommendation', ' 5 days a week']"
INTERNATIONAL,2021-02-22 16:11:09,WordPress Development,MoneyMall,Ahmedabad,Immediately, 6000-11000 /month,6 Months,28 Feb' 21,Internship,"['WordPress', 'Certificate', ' Letter of recommendation', ' 5 days a week']"
INTERNATIONAL,2021-02-22 16:11:09,Backend Development (Java),Medclick Private Limited,Work From Home,Immediately, 1500 /month,6 Months,27 Feb' 21,Internship,"['Java', 'JavaScript', 'Spring MVC', 'Certificate', ' Letter of recommendation', ' 5 days a week']"
INTERNATIONAL,2021-02-22 16:11:10,iOS App Development,Betickled,Work From Home,Immediately, 1000 /month,1 Month,26 Feb' 21,Internship,"['Certificate', ' Letter of recommendation', ' 5 days a week']"
INTERNATIONAL,2021-02-22 16:11:11,Web Development,Betickled,Work From Home,Immediately, 1000 /month,3 Months,26 Feb' 21,Internship,"['HTML', 'CSS', 'JavaScript', 'jQuery', 'Certificate', ' Letter of recommendation', ' 5 days a week']"
INTERNATIONAL,2021-02-22 16:11:12,Social Media Marketing,MoneyMall,Work From Home,Immediately, 5000 /month,3 Months,26 Feb' 21,Internship,"['Social Media Marketing', 'Google Analytics', 'Google AdWords', 'Facebook Marketing', 'Creative Writing', 'Certificate', ' Letter of recommendation', ' 5 days a week']"
INTERNATIONAL,2021-02-22 16:11:13,Business Development (Sales),Socionity,Work From Home,Immediately, 7000-14000 /month,4 Months,25 Feb' 21,Internship,"['Client Relationship', 'English Proficiency (Spoken)', 'Certificate', ' Letter of recommendation']"
INTERNATIONAL,2021-02-22 16:11:13,Business Development (Sales),Xoxoday,Work From Home,Immediately, 15000 /month,6 Months,25 Feb' 21,Internship,['5 days a week']
INTERNATIONAL,2021-02-22 16:11:14,Digital Marketing,Lloyd Harrington Australia Proprietary Limited,Work From Home,Immediately, 7000 /month,6 Months,23 Feb' 21,Internship,"['Video Editing', 'Digital Marketing', 'Video Making', 'English Proficiency (Written)', 'Certificate', ' Flexible work hours']"
INTERNATIONAL,2021-02-22 16:11:15,Django Development,Pikkal & Company,Work From Home,Immediately, 10000 /month,3 Months,22 Feb' 21,Internship,"['MySQL', 'Python', 'Django', 'REST API', 'Materialize', 'Letter of recommendation', ' 5 days a week']"
INTERNATIONAL,2021-02-22 16:11:15,RTC Summer Research Program,Lunenfeld-Tanenbaum Research Institute,Toronto (Canada),Nothing, 525 /week,3 Months,Not Provided,Internship,['Certificate']
